{
  "2024-08-29": {
    "logDate": "2024-08-31",
    "metrics": [
      {
        "gauge": 0,
        "timestamp": 1725140191407,
        "ounces": 0,
        "bladders": 4,
        "bottles": [
          {
            "id": "6ea5d28c-61b9-43ed-a336-b48bd7e75129",
            "ounces": [0],
            "capacity": 32,
            "complete": false
          },
          {
            "id": "a8bc802f-8d45-4682-a092-e6b17d5884fe",
            "ounces": [0],
            "capacity": 32,
            "complete": false
          },
          {
            "id": "dffe505e-0fc5-49fa-af40-95c65b330d3c",
            "ounces": [0],
            "capacity": 32,
            "complete": false
          },
          {
            "id": "b31176ca-ac7d-497f-961a-5315b94c9d89",
            "ounces": [0],
            "capacity": 32,
            "complete": false
          }
        ]
      }
    ]
  },
  "2024-09-01": {
    "logDate": "2024-09-01",
    "metrics": [
      {
        "gauge": 0,
        "timestamp": 1725255731905,
        "ounces": 0,
        "bladders": 4,
        "bottles": [
          {
            "id": "8d191db9-b6b7-4849-84ca-28d5a30e6f42",
            "ounces": [0],
            "capacity": 32,
            "complete": false
          },
          {
            "id": "8d4fd141-c824-4c85-beff-fc4468057dd0",
            "ounces": [0],
            "capacity": 32,
            "complete": false
          },
          {
            "id": "63c3df67-e2a5-4bab-be5b-860be3c23b84",
            "ounces": [0],
            "capacity": 32,
            "complete": false
          },
          {
            "id": "51dd2d50-3cdf-4cf8-88ce-874c84b09617",
            "ounces": [0],
            "capacity": 32,
            "complete": false
          }
        ]
      }
    ]
  },
  "2024-09-02": {
    "logDate": "2024-09-02",
    "metrics": [
      {
        "gauge": 0,
        "timestamp": 1725307716205,
        "ounces": 14,
        "bladders": 4,
        "bottles": [
          {
            "id": "7e811a33-afcf-4086-9189-98fff8c98ed8",
            "ounces": [0],
            "capacity": 32,
            "complete": false
          },
          {
            "id": "ed8035da-1544-42ca-bc81-2a218008bd49",
            "ounces": [0],
            "capacity": 32,
            "complete": false
          },
          {
            "id": "9354a35c-0fa4-47b8-9671-75b9bc602239",
            "ounces": [0],
            "capacity": 32,
            "complete": false
          },
          {
            "id": "eac14eb1-a302-4a8c-9517-72e5359a75ab",
            "ounces": [0],
            "capacity": 32,
            "complete": false
          }
        ]
      }
    ]
  },
  "2024-09-03": {
    "logDate": "2024-09-03",
    "metrics": [
      {
        "gauge": 0,
        "timestamp": 1725399623572,
        "ounces": 8,
        "bladders": 4,
        "bottles": [
          {
            "id": "a6d2231b-60e7-414a-855e-b07ac5ac1daa",
            "ounces": [0],
            "capacity": 32,
            "complete": false
          },
          {
            "id": "f9018eb8-07d9-4d6a-b101-2ba69bab53e0",
            "ounces": [0],
            "capacity": 32,
            "complete": false
          },
          {
            "id": "f91b5444-4496-4bd6-a3ce-3906c6f99624",
            "ounces": [0],
            "capacity": 32,
            "complete": false
          },
          {
            "id": "583e215d-dc87-475d-95c1-26550e13a51e",
            "ounces": [0],
            "capacity": 32,
            "complete": false
          }
        ]
      }
    ]
  },
  "2024-09-04": {
    "logDate": "2024-09-04",
    "metrics": [
      {
        "gauge": 0,
        "timestamp": 1725426184476,
        "ounces": 24,
        "bladders": 4,
        "bottles": [
          {
            "id": "454ed25f-c858-436c-b0e4-7d1a8c90d08b",
            "ounces": [0],
            "capacity": 32,
            "complete": false
          },
          {
            "id": "698720e2-3ddd-48f4-bfc2-8af1069aea7d",
            "ounces": [0],
            "capacity": 32,
            "complete": false
          },
          {
            "id": "77290f5a-5c6b-40f2-875c-b426c61700a4",
            "ounces": [0],
            "capacity": 32,
            "complete": false
          },
          {
            "id": "6791ce31-6012-4d11-9703-4e612f3911d6",
            "ounces": [0],
            "capacity": 32,
            "complete": false
          }
        ]
      }
    ]
  },
  "2024-09-05": {
    "logDate": "2024-09-05",
    "metrics": [
      {
        "gauge": 0,
        "timestamp": 1725505815005,
        "ounces": 0,
        "bladders": 4,
        "bottles": [
          {
            "id": "2e974c74-25e5-400d-9f92-d31a943720ac",
            "ounces": [0],
            "capacity": 32,
            "complete": false
          },
          {
            "id": "70a4e262-7d10-482f-834b-e86add31875b",
            "ounces": [24],
            "capacity": 32,
            "complete": false
          },
          {
            "id": "f4e43fae-de98-4bd3-b0bd-81d36c972a79",
            "ounces": [0],
            "capacity": 32,
            "complete": false
          },
          {
            "id": "5340a959-dfe3-4f04-b7f2-8ed1cb8e7c47",
            "ounces": [0],
            "capacity": 32,
            "complete": false
          }
        ]
      },
      {
        "gauge": 1,
        "timestamp": 1725505842233,
        "ounces": 24,
        "bladders": 4,
        "bottles": [
          {
            "id": "2e974c74-25e5-400d-9f92-d31a943720ac",
            "ounces": [0],
            "capacity": 32,
            "complete": false
          },
          {
            "id": "70a4e262-7d10-482f-834b-e86add31875b",
            "ounces": [12],
            "capacity": 32,
            "complete": false
          },
          {
            "id": "f4e43fae-de98-4bd3-b0bd-81d36c972a79",
            "ounces": [0],
            "capacity": 32,
            "complete": false
          },
          {
            "id": "5340a959-dfe3-4f04-b7f2-8ed1cb8e7c47",
            "ounces": [0],
            "capacity": 32,
            "complete": false
          }
        ]
      },
      {
        "gauge": 2,
        "timestamp": 1725505848667,
        "ounces": 12,
        "bladders": 4,
        "bottles": [
          {
            "id": "2e974c74-25e5-400d-9f92-d31a943720ac",
            "ounces": [32],
            "capacity": 32,
            "complete": true
          },
          {
            "id": "70a4e262-7d10-482f-834b-e86add31875b",
            "ounces": [12],
            "capacity": 32,
            "complete": false
          },
          {
            "id": "f4e43fae-de98-4bd3-b0bd-81d36c972a79",
            "ounces": [0],
            "capacity": 32,
            "complete": false
          },
          {
            "id": "5340a959-dfe3-4f04-b7f2-8ed1cb8e7c47",
            "ounces": [0],
            "capacity": 32,
            "complete": false
          }
        ]
      },
      {
        "gauge": 3,
        "timestamp": 1725506455494,
        "ounces": 44,
        "bladders": 4,
        "bottles": [
          {
            "id": "2e974c74-25e5-400d-9f92-d31a943720ac",
            "ounces": [32],
            "capacity": 32,
            "complete": true
          },
          {
            "id": "70a4e262-7d10-482f-834b-e86add31875b",
            "ounces": [12],
            "capacity": 32,
            "complete": false
          },
          {
            "id": "f4e43fae-de98-4bd3-b0bd-81d36c972a79",
            "ounces": [0],
            "capacity": 32,
            "complete": false
          },
          {
            "id": "5340a959-dfe3-4f04-b7f2-8ed1cb8e7c47",
            "ounces": [0],
            "capacity": 32,
            "complete": false
          }
        ]
      }
    ]
  },
  "2024-11-03": {
    "logDate": "2024-11-04",
    "metrics": [
      {
        "gauge": 0,
        "timestamp": 1730694886878,
        "ounces": 0,
        "bladders": 4,
        "bottles": [
          {
            "id": "3efeade7-9c6a-4fb8-b55d-07d61495991d",
            "ounces": [0],
            "capacity": 32,
            "complete": false
          },
          {
            "id": "ba72947f-93b4-48d5-91f3-796017289dfe",
            "ounces": [0],
            "capacity": 32,
            "complete": false
          },
          {
            "id": "7eb0dcef-a4ff-4992-b3e4-19d4f8aa212d",
            "ounces": [0],
            "capacity": 32,
            "complete": false
          },
          {
            "id": "3ac70627-9c8f-48f3-9b02-b841868d462b",
            "ounces": [0],
            "capacity": 32,
            "complete": false
          }
        ]
      }
    ]
  },
  "2024-11-04": {
    "logDate": "2024-11-05",
    "metrics": [
      {
        "gauge": 0,
        "timestamp": 1730782976065,
        "ounces": 0,
        "bladders": 4,
        "bottles": [
          {
            "id": "8e8f2fe7-3680-4048-bb76-5731931478c8",
            "ounces": [0],
            "capacity": 32,
            "complete": false
          },
          {
            "id": "fb0f11ae-c82e-4ac3-b284-0f8423eff3f1",
            "ounces": [0],
            "capacity": 32,
            "complete": false
          },
          {
            "id": "ad5a31b0-ad85-48c4-ba3a-2cefc5ad3b5a",
            "ounces": [0],
            "capacity": 32,
            "complete": false
          },
          {
            "id": "c1f15ab4-b208-4d02-84c0-bf87596c0fe2",
            "ounces": [0],
            "capacity": 32,
            "complete": false
          }
        ]
      }
    ]
  },
  "2024-11-05": {
    "logDate": "2024-11-05",
    "metrics": [
      {
        "gauge": 0,
        "timestamp": 1730846680982,
        "ounces": 0,
        "bladders": 4,
        "bottles": [
          {
            "id": "bfc5f598-60a7-4634-8e07-c4778855151b",
            "ounces": [0],
            "capacity": 32,
            "complete": false
          },
          {
            "id": "3bf49dcc-f177-461a-9f10-df418f2d059b",
            "ounces": [0],
            "capacity": 32,
            "complete": false
          },
          {
            "id": "a339ce7f-1e04-4113-994e-af54e3bff2c4",
            "ounces": [0],
            "capacity": 32,
            "complete": false
          },
          {
            "id": "8118eccc-eee4-4d5c-aada-f0ce2f36ef18",
            "ounces": [0],
            "capacity": 32,
            "complete": false
          }
        ]
      }
    ]
  },
  "2024-11-07": {
    "logDate": "2024-11-07",
    "metrics": [
      {
        "gauge": 0,
        "timestamp": 1731008054308,
        "ounces": 0,
        "bladders": 4,
        "bottles": [
          {
            "id": "999222d4-6b39-4794-b3dc-5c0c86b1c75a",
            "ounces": [0],
            "capacity": 32,
            "complete": false
          },
          {
            "id": "e8e60dda-f87f-4e95-ada4-5789077b8776",
            "ounces": [0],
            "capacity": 32,
            "complete": false
          },
          {
            "id": "4aed3966-6815-43a4-b8a9-fc929e5c73b2",
            "ounces": [0],
            "capacity": 32,
            "complete": false
          },
          {
            "id": "2ade9839-af5c-4369-a3f0-246224e493e6",
            "ounces": [0],
            "capacity": 32,
            "complete": false
          }
        ]
      }
    ]
  },
  "2025-03-19": {
    "logDate": "2025-03-20",
    "metrics": [
      {
        "gauge": 0,
        "timestamp": 1742431756401,
        "ounces": 0,
        "bladders": 4,
        "bottles": [
          {
            "id": "e1331211-b6b3-4106-8080-910275c99f91",
            "ounces": [0],
            "capacity": 32,
            "complete": false
          },
          {
            "id": "c7ac794a-83e8-48b6-8c91-66a3cfcefd23",
            "ounces": [0],
            "capacity": 32,
            "complete": false
          },
          {
            "id": "5df3f8fd-f33a-4ac9-a90e-2403fe6d9a79",
            "ounces": [0],
            "capacity": 32,
            "complete": false
          },
          {
            "id": "2c18171e-0642-497e-941d-46cb878c2bd9",
            "ounces": [0],
            "capacity": 32,
            "complete": false
          }
        ]
      }
    ]
  },
  "2025-05-25": {
    "logDate": "2025-05-26",
    "metrics": [
      {
        "gauge": 0,
        "timestamp": 1748223307854,
        "ounces": 0,
        "bladders": 4,
        "bottles": [
          {
            "id": "d7431e1b-6612-4761-9103-fec6ba7f47c1",
            "ounces": [0],
            "capacity": 32,
            "complete": false
          },
          {
            "id": "7802700b-97f6-47ba-b517-431055c2ab3f",
            "ounces": [0],
            "capacity": 32,
            "complete": false
          },
          {
            "id": "a17cacf8-7097-46fa-a2e1-3d427cbd700a",
            "ounces": [0],
            "capacity": 32,
            "complete": false
          },
          {
            "id": "694cf0ee-ee4a-4145-8158-30d27e1ebc6c",
            "ounces": [0],
            "capacity": 32,
            "complete": false
          }
        ]
      }
    ]
  },
  "2025-07-02": {
    "logDate": "2025-07-03",
    "metrics": [
      {
        "gauge": 0,
        "timestamp": 1751505799436,
        "ounces": 0,
        "bladders": 4,
        "bottles": [
          {
            "id": "46cb0829-c099-45f9-8bf9-4584ecc8cd2c",
            "ounces": [0],
            "capacity": 32,
            "complete": false
          },
          {
            "id": "02cbfc8a-7a4e-459f-bf31-964924e8b759",
            "ounces": [0],
            "capacity": 32,
            "complete": false
          },
          {
            "id": "94e396d0-a5df-48dc-b729-2dba3e9a7aaf",
            "ounces": [0],
            "capacity": 32,
            "complete": false
          },
          {
            "id": "5fb1bf8d-da79-43fb-a9a7-60186eaf1e2e",
            "ounces": [0],
            "capacity": 32,
            "complete": false
          }
        ]
      }
    ]
  }
}
